﻿Time,Reporter,Type,Content,Screenshot,RTF Note
2016-12-01 22:11:55,Bartłomiej Duda,(Rapid Reporter version),"1.16.05.20",,
2016-12-01 22:11:55,Bartłomiej Duda,Session Reporter,"Bartłomiej Duda",,
2016-12-01 22:11:55,Bartłomiej Duda,Session Charter,"6 jako dowolny użytkownik chcę po zalogowaniu móc wysłać wiadomość do dowolnego użytkownika bo wtedy będę mógł skontaktować się z dowolnym użytkownikiem istniejącym w systemie",,
2016-12-01 22:12:04,Bartłomiej Duda,Setup,"Firefox",,
2016-12-01 22:12:23,Bartłomiej Duda,Setup,"Windows 7 64-bit",,
2016-12-01 22:12:31,Bartłomiej Duda,Setup,"mr buggy 2",,
2016-12-01 22:13:53,Bartłomiej Duda,Test,"wchodzę na stronę mr buggy 2",,
2016-12-01 22:14:45,Bartłomiej Duda,autogenerated,"screenshot saved",1_20161201_221444.jpg,
2016-12-01 22:15:55,Bartłomiej Duda,Note,"Udało się. Jestem na stronie.",1_20161201_221444.jpg,
2016-12-01 22:16:11,Bartłomiej Duda,Test,"Teraz próbuję się zalogować",,
2016-12-01 22:16:22,Bartłomiej Duda,autogenerated,"screenshot saved",2_20161201_221622.jpg,
2016-12-01 22:16:44,Bartłomiej Duda,Note,"Udało się zalogować.",2_20161201_221622.jpg,
2016-12-01 22:17:55,Bartłomiej Duda,Note,"Załadował się kokpit.",,
2016-12-01 22:18:10,Bartłomiej Duda,Test,"Próbuję wysłać wiadomość.",,
2016-12-01 22:18:21,Bartłomiej Duda,autogenerated,"screenshot saved",3_20161201_221821.jpg,
2016-12-01 22:18:51,Bartłomiej Duda,Note,"Po lewej stronie widzę listę wiadomości.",3_20161201_221821.jpg,
2016-12-01 22:19:03,Bartłomiej Duda,Note,"Na środku mam otrzymaną wiadomość.",,
2016-12-01 22:19:16,Bartłomiej Duda,Note,"Adam Zakrzewski napisał ''cześć''.",,
2016-12-01 22:19:31,Bartłomiej Duda,Test,"Próbuję odpowiedzieć.",,
2016-12-01 22:19:37,Bartłomiej Duda,autogenerated,"screenshot saved",4_20161201_221937.jpg,
2016-12-01 22:20:36,Bartłomiej Duda,Note,"Sukces. Napisałem do samego siebie. (???)",4_20161201_221937.jpg,
2016-12-01 22:20:38,Bartłomiej Duda,autogenerated,"screenshot saved",5_20161201_222038.jpg,
2016-12-01 22:22:01,Bartłomiej Duda,Note,"Klikam ''Utwórz wiadomość''.",5_20161201_222038.jpg,
2016-12-01 22:22:09,Bartłomiej Duda,autogenerated,"screenshot saved",6_20161201_222209.jpg,
2016-12-01 22:22:29,Bartłomiej Duda,Note,"Wpisuję jakąś nazwę użytkownika.",6_20161201_222209.jpg,
2016-12-01 22:22:39,Bartłomiej Duda,autogenerated,"screenshot saved",7_20161201_222239.jpg,
2016-12-01 22:22:44,Bartłomiej Duda,Note,"Wpisuję temat.",7_20161201_222239.jpg,
2016-12-01 22:22:59,Bartłomiej Duda,autogenerated,"screenshot saved",8_20161201_222259.jpg,
2016-12-01 22:23:04,Bartłomiej Duda,Note,"Wpisuję treść.",8_20161201_222259.jpg,
2016-12-01 22:23:15,Bartłomiej Duda,autogenerated,"screenshot saved",9_20161201_222315.jpg,
2016-12-01 22:23:37,Bartłomiej Duda,Test,"Próbuję wysłać wiadomość.",9_20161201_222315.jpg,
2016-12-01 22:23:50,Bartłomiej Duda,Test,"Klikam ''Wyślij''.",,
2016-12-01 22:24:23,Bartłomiej Duda,Bug,"Błąd. Niepoprawne dane. Użytkownik ''Lolek123'' nie istnieje.",,
2016-12-01 22:24:31,Bartłomiej Duda,Note,"Próbuję jeszcze raz.",,
2016-12-01 22:24:57,Bartłomiej Duda,Note,"Tym razem do usera ''kasia kasia''.",,
2016-12-01 22:25:20,Bartłomiej Duda,Test,"Próbuję wysłać.",,
2016-12-01 22:25:27,Bartłomiej Duda,autogenerated,"screenshot saved",10_20161201_222527.jpg,
2016-12-01 22:25:44,Bartłomiej Duda,Note,"Tym razem się udało.",10_20161201_222527.jpg,
2016-12-01 22:25:46,Bartłomiej Duda,autogenerated,"screenshot saved",11_20161201_222546.jpg,
2016-12-01 22:26:03,Bartłomiej Duda,Note,"Wiadomość została pomyslnie wysłana.",11_20161201_222546.jpg,
2016-12-01 22:26:53,Bartłomiej Duda,Question,"I co teraz?",,
2016-12-01 22:27:06,Bartłomiej Duda,Note,"Wyślijmy drugą wiadomość.",,
2016-12-01 22:27:33,Bartłomiej Duda,autogenerated,"screenshot saved",12_20161201_222733.jpg,
2016-12-01 22:28:00,Bartłomiej Duda,Note,"Znowu klikam ''utwórz wiadomość''.",12_20161201_222733.jpg,
2016-12-01 22:29:00,Bartłomiej Duda,Note,"Tym razem do użytkownika ''koles koles''.",,
2016-12-01 22:29:20,Bartłomiej Duda,Note,"Ale zostawię temat i treść pustą.",,
2016-12-01 22:29:30,Bartłomiej Duda,Test,"Klikam wyślij.",,
2016-12-01 22:29:33,Bartłomiej Duda,autogenerated,"screenshot saved",13_20161201_222933.jpg,
2016-12-01 22:29:38,Bartłomiej Duda,autogenerated,"screenshot saved",14_20161201_222938.jpg,
2016-12-01 22:29:54,Bartłomiej Duda,Bug,"Pojawiły się dwa błędy.",14_20161201_222938.jpg,
2016-12-01 22:30:13,Bartłomiej Duda,Bug,"Temat jest wymagany i treść także.",,
2016-12-01 22:30:25,Bartłomiej Duda,Note,"Naprawiam błędy.",,
2016-12-01 22:31:16,Bartłomiej Duda,Question,"Ciekawe czy system przepuści taki krótki temat i treść?",,
2016-12-01 22:31:24,Bartłomiej Duda,Test,"Sprawdzam to.",,
2016-12-01 22:31:30,Bartłomiej Duda,Test,"Klikam wyślij.",,
2016-12-01 22:31:47,Bartłomiej Duda,Note,"Test przeszedł pomyslnie.",,
2016-12-01 22:32:02,Bartłomiej Duda,Note,"Wiadomość została wysłana z jedno-literowym tematem",,
2016-12-01 22:32:11,Bartłomiej Duda,Note,"i z jedno-literową treścią.",,
2016-12-01 22:32:17,Bartłomiej Duda,autogenerated,"screenshot saved",15_20161201_223217.jpg,
2016-12-01 22:32:56,Bartłomiej Duda,Note,"To chyba koniec; gdyż przeszedłem przez cały scenariusz testowy.",15_20161201_223217.jpg,
2016-12-01 22:35:42,Bartłomiej Duda,Session End. Duration,"00:23:47",,
